median_salary;area;date;average_price;code;houses_sold;borough_flag;salary_cat
33020.0;city of london;01/12/1999;169309;E09000001;97.0;1;3
21480.0;barking and dagenham;01/12/1999;68812;E09000002;267.0;1;2
19568.0;barnet;01/12/1999;149510;E09000003;619.0;1;1
18621.0;bexley;01/12/1999;93905;E09000004;460.0;1;1
18532.0;brent;01/12/1999;123398;E09000005;395.0;1;1
16720.0;bromley;01/12/1999;131735;E09000006;654.0;1;1
23677.0;camden;01/12/1999;210240;E09000007;357.0;1;2
19563.0;croydon;01/12/1999;107480;E09000008;673.0;1;1
20580.0;ealing;01/12/1999;141687;E09000009;522.0;1;2
19289.0;enfield;01/12/1999;110428;E09000010;582.0;1;1
21236.0;greenwich;01/12/1999;100325;E09000011;433.0;1;2
23249.0;hackney;01/12/1999;117831;E09000012;372.0;1;2
25000.0;hammersmith and fulham;01/12/1999;227285;E09000013;367.0;1;2
18783.0;haringey;01/12/1999;130036;E09000014;418.0;1;1
20596.0;harrow;01/12/1999;138450;E09000015;368.0;1;2
17165.0;havering;01/12/1999;98706;E09000016;395.0;1;1
24002.0;hillingdon;01/12/1999;120228;E09000017;513.0;1;2
20155.0;hounslow;01/12/1999;123809;E09000018;351.0;1;2
25113.0;islington;01/12/1999;171040;E09000019;352.0;1;2
20646.0;kensington and chelsea;01/12/1999;354241;E09000020;428.0;1;2
19302.0;kingston upon thames;01/12/1999;144567;E09000021;331.0;1;1
23151.0;lambeth;01/12/1999;129214;E09000022;579.0;1;2
20580.0;lewisham;01/12/1999;93053;E09000023;467.0;1;2
18962.0;merton;01/12/1999;134376;E09000024;418.0;1;1
18862.0;newham;01/12/1999;82366;E09000025;453.0;1;1
19580.0;redbridge;01/12/1999;113057;E09000026;495.0;1;1
22321.0;richmond upon thames;01/12/1999;205019;E09000027;454.0;1;2
22784.0;southwark;01/12/1999;121923;E09000028;508.0;1;2
19582.0;sutton;01/12/1999;111886;E09000029;405.0;1;1
26376.0;tower hamlets;01/12/1999;126650;E09000030;481.0;1;2
18547.0;waltham forest;01/12/1999;92190;E09000031;509.0;1;1
21321.0;wandsworth;01/12/1999;161596;E09000032;814.0;1;2
24447.0;westminster;01/12/1999;237074;E09000033;587.0;1;2
16282.0;north east;01/12/1999;48298;E12000001;4060.0;0;1
16977.0;north west;01/12/1999;52056;E12000002;12098.0;0;1
16392.0;east midlands;01/12/1999;58360;E12000004;8818.0;0;1
17000.0;west midlands;01/12/1999;63944;E12000005;9443.0;0;1
22487.0;london;01/12/1999;127918;E12000007;15124.0;0;2
18737.0;south east;01/12/1999;103346;E12000008;18718.0;0;1
16727.0;south west;01/12/1999;81210;E12000009;11758.0;0;1
17939.0;england;01/12/1999;75071;E92000001;102442.0;0;1
34903.0;city of london;01/12/2000;314772;E09000001;33.0;1;3
22618.0;barking and dagenham;01/12/2000;81726;E09000002;285.0;1;2
21761.0;barnet;01/12/2000;175320;E09000003;553.0;1;2
19363.0;bexley;01/12/2000;109084;E09000004;380.0;1;1
22348.0;brent;01/12/2000;148529;E09000005;384.0;1;2
16401.0;bromley;01/12/2000;153030;E09000006;485.0;1;1
25484.0;camden;01/12/2000;253022;E09000007;289.0;1;2
21339.0;croydon;01/12/2000;125773;E09000008;524.0;1;2
22512.0;ealing;01/12/2000;157342;E09000009;388.0;1;2
22467.0;enfield;01/12/2000;127408;E09000010;473.0;1;2
22121.0;greenwich;01/12/2000;114567;E09000011;306.0;1;2
24083.0;hackney;01/12/2000;137718;E09000012;243.0;1;2
25264.0;hammersmith and fulham;01/12/2000;262106;E09000013;255.0;1;2
19772.0;haringey;01/12/2000;149757;E09000014;308.0;1;1
22238.0;harrow;01/12/2000;160060;E09000015;275.0;1;2
17418.0;havering;01/12/2000;116342;E09000016;321.0;1;1
25038.0;hillingdon;01/12/2000;137783;E09000017;393.0;1;2
23230.0;hounslow;01/12/2000;137773;E09000018;309.0;1;2
26598.0;islington;01/12/2000;205834;E09000019;200.0;1;2
22952.0;kensington and chelsea;01/12/2000;392714;E09000020;333.0;1;2
20983.0;kingston upon thames;01/12/2000;171603;E09000021;317.0;1;2
24264.0;lambeth;01/12/2000;160732;E09000022;431.0;1;2
22357.0;lewisham;01/12/2000;112293;E09000023;416.0;1;2
18906.0;merton;01/12/2000;154173;E09000024;282.0;1;1
19437.0;newham;01/12/2000;99677;E09000025;424.0;1;1
20256.0;redbridge;01/12/2000;130970;E09000026;428.0;1;2
22574.0;richmond upon thames;01/12/2000;238962;E09000027;282.0;1;2
24857.0;southwark;01/12/2000;153285;E09000028;406.0;1;2
22019.0;sutton;01/12/2000;131955;E09000029;377.0;1;2
28445.0;tower hamlets;01/12/2000;147927;E09000030;429.0;1;2
19776.0;waltham forest;01/12/2000;108054;E09000031;361.0;1;1
22840.0;wandsworth;01/12/2000;187644;E09000032;615.0;1;2
25951.0;westminster;01/12/2000;268812;E09000033;478.0;1;2
17430.0;north east;01/12/2000;50362;E12000001;4389.0;0;1
17863.0;north west;01/12/2000;56079;E12000002;11698.0;0;1
17352.0;east midlands;01/12/2000;65237;E12000004;8249.0;0;1
17812.0;west midlands;01/12/2000;71234;E12000005;8656.0;0;1
24204.0;london;01/12/2000;147483;E12000007;11983.0;0;2
19992.0;south east;01/12/2000;118983;E12000008;15570.0;0;1
17847.0;south west;01/12/2000;92016;E12000009;10321.0;0;1
19107.0;england;01/12/2000;84191;E92000001;90823.0;0;1
39104.0;city of london;01/12/2001;362204;E09000001;17.0;1;3
22323.0;barking and dagenham;01/12/2001;96712;E09000002;247.0;1;2
20916.0;barnet;01/12/2001;200792;E09000003;467.0;1;2
20217.0;bexley;01/12/2001;122434;E09000004;466.0;1;2
21878.0;brent;01/12/2001;165833;E09000005;341.0;1;2
15684.0;bromley;01/12/2001;172583;E09000006;567.0;1;1
27386.0;camden;01/12/2001;291559;E09000007;271.0;1;2
20889.0;croydon;01/12/2001;141645;E09000008;560.0;1;2
23862.0;ealing;01/12/2001;177139;E09000009;413.0;1;2
24136.0;enfield;01/12/2001;144443;E09000010;504.0;1;2
20761.0;greenwich;01/12/2001;134892;E09000011;401.0;1;2
24095.0;hackney;01/12/2001;162859;E09000012;252.0;1;2
26319.0;hammersmith and fulham;01/12/2001;277431;E09000013;206.0;1;2
20349.0;haringey;01/12/2001;175653;E09000014;315.0;1;2
22960.0;harrow;01/12/2001;181834;E09000015;355.0;1;2
17940.0;havering;01/12/2001;132325;E09000016;370.0;1;1
26051.0;hillingdon;01/12/2001;155652;E09000017;374.0;1;2
22853.0;hounslow;01/12/2001;159282;E09000018;318.0;1;2
28323.0;islington;01/12/2001;224757;E09000019;229.0;1;2
24979.0;kensington and chelsea;01/12/2001;412275;E09000020;246.0;1;2
21427.0;kingston upon thames;01/12/2001;187446;E09000021;290.0;1;2
24019.0;lambeth;01/12/2001;170055;E09000022;392.0;1;2
21990.0;lewisham;01/12/2001;131207;E09000023;391.0;1;2
21014.0;merton;01/12/2001;178400;E09000024;347.0;1;2
21054.0;newham;01/12/2001;120426;E09000025;538.0;1;2
21106.0;redbridge;01/12/2001;153535;E09000026;389.0;1;2
23799.0;richmond upon thames;01/12/2001;251549;E09000027;288.0;1;2
27114.0;southwark;01/12/2001;172250;E09000028;351.0;1;2
22972.0;sutton;01/12/2001;148143;E09000029;365.0;1;2
31232.0;tower hamlets;01/12/2001;169533;E09000030;338.0;1;3
21245.0;waltham forest;01/12/2001;133329;E09000031;351.0;1;2
22054.0;wandsworth;01/12/2001;210753;E09000032;578.0;1;2
26829.0;westminster;01/12/2001;307169;E09000033;400.0;1;2
17844.0;north east;01/12/2001;55879;E12000001;4533.0;0;1
18567.0;north west;01/12/2001;62331;E12000002;12166.0;0;1
18291.0;east midlands;01/12/2001;75378;E12000004;8767.0;0;1
18756.0;west midlands;01/12/2001;80779;E12000005;8973.0;0;1
25215.0;london;01/12/2001;167693;E12000007;11937.0;0;2
20907.0;south east;01/12/2001;136468;E12000008;16197.0;0;2
18465.0;south west;01/12/2001;107601;E12000009;10076.0;0;1
19997.0;england;01/12/2001;95992;E92000001;93329.0;0;1
39750.0;city of london;01/12/2002;262197;E09000001;44.0;1;3
24813.0;barking and dagenham;01/12/2002;131709;E09000002;270.0;1;2
23112.0;barnet;01/12/2002;236506;E09000003;634.0;1;2
21101.0;bexley;01/12/2002;153740;E09000004;453.0;1;2
21350.0;brent;01/12/2002;207775;E09000005;346.0;1;2
16635.0;bromley;01/12/2002;204091;E09000006;610.0;1;1
27432.0;camden;01/12/2002;328996;E09000007;283.0;1;2
22675.0;croydon;01/12/2002;174796;E09000008;661.0;1;2
24542.0;ealing;01/12/2002;215626;E09000009;457.0;1;2
24654.0;enfield;01/12/2002;180595;E09000010;554.0;1;2
21846.0;greenwich;01/12/2002;158655;E09000011;504.0;1;2
24582.0;hackney;01/12/2002;195298;E09000012;252.0;1;2
28012.0;hammersmith and fulham;01/12/2002;322552;E09000013;282.0;1;2
21972.0;haringey;01/12/2002;218163;E09000014;360.0;1;2
23176.0;harrow;01/12/2002;223334;E09000015;439.0;1;2
16123.0;havering;01/12/2002;169086;E09000016;359.0;1;1
26159.0;hillingdon;01/12/2002;190909;E09000017;478.0;1;2
24399.0;hounslow;01/12/2002;188839;E09000018;412.0;1;2
33497.0;islington;01/12/2002;257882;E09000019;273.0;1;3
26649.0;kensington and chelsea;01/12/2002;468164;E09000020;282.0;1;2
22575.0;kingston upon thames;01/12/2002;222347;E09000021;316.0;1;2
24952.0;lambeth;01/12/2002;204576;E09000022;507.0;1;2
23254.0;lewisham;01/12/2002;160359;E09000023;497.0;1;2
22429.0;merton;01/12/2002;213488;E09000024;359.0;1;2
21420.0;newham;01/12/2002;157601;E09000025;401.0;1;2
22133.0;redbridge;01/12/2002;190454;E09000026;520.0;1;2
23311.0;richmond upon thames;01/12/2002;289911;E09000027;405.0;1;2
28062.0;southwark;01/12/2002;190828;E09000028;354.0;1;2
23311.0;sutton;01/12/2002;178378;E09000029;374.0;1;2
31168.0;tower hamlets;01/12/2002;206096;E09000030;330.0;1;3
21799.0;waltham forest;01/12/2002;166195;E09000031;360.0;1;2
23720.0;wandsworth;01/12/2002;243256;E09000032;553.0;1;2
28879.0;westminster;01/12/2002;364181;E09000033;514.0;1;2
18076.0;north east;01/12/2002;69491;E12000001;4946.0;0;1
19234.0;north west;01/12/2002;75567;E12000002;14163.0;0;1
19125.0;east midlands;01/12/2002;98179;E12000004;9098.0;0;1
19225.0;west midlands;01/12/2002;102749;E12000005;9745.0;0;1
26467.0;london;01/12/2002;203437;E12000007;13443.0;0;2
21940.0;south east;01/12/2002;166939;E12000008;17777.0;0;2
19233.0;south west;01/12/2002;138960;E12000009;10747.0;0;1
20706.0;england;01/12/2002;119982;E92000001;102070.0;0;2
41795.0;city of london;01/12/2003;305556;E09000001;38.0;1;4
25358.0;barking and dagenham;01/12/2003;149701;E09000002;374.0;1;2
23828.0;barnet;01/12/2003;260059;E09000003;629.0;1;2
22247.0;bexley;01/12/2003;169878;E09000004;482.0;1;2
23018.0;brent;01/12/2003;223823;E09000005;399.0;1;2
19042.0;bromley;01/12/2003;223849;E09000006;708.0;1;1
30002.0;camden;01/12/2003;323782;E09000007;264.0;1;3
22838.0;croydon;01/12/2003;190002;E09000008;671.0;1;2
24349.0;ealing;01/12/2003;228550;E09000009;498.0;1;2
22463.0;enfield;01/12/2003;196011;E09000010;625.0;1;2
23600.0;greenwich;01/12/2003;175889;E09000011;504.0;1;2
25149.0;hackney;01/12/2003;202785;E09000012;274.0;1;2
29831.0;hammersmith and fulham;01/12/2003;331317;E09000013;283.0;1;2
22422.0;haringey;01/12/2003;223771;E09000014;384.0;1;2
22796.0;harrow;01/12/2003;242445;E09000015;409.0;1;2
18250.0;havering;01/12/2003;184307;E09000016;434.0;1;1
26774.0;hillingdon;01/12/2003;208096;E09000017;507.0;1;2
26019.0;hounslow;01/12/2003;203931;E09000018;478.0;1;2
33579.0;islington;01/12/2003;269480;E09000019;272.0;1;3
26213.0;kensington and chelsea;01/12/2003;488704;E09000020;366.0;1;2
23813.0;kingston upon thames;01/12/2003;233996;E09000021;324.0;1;2
26034.0;lambeth;01/12/2003;206467;E09000022;516.0;1;2
22069.0;lewisham;01/12/2003;173550;E09000023;550.0;1;2
22959.0;merton;01/12/2003;227284;E09000024;414.0;1;2
22792.0;newham;01/12/2003;176507;E09000025;474.0;1;2
23407.0;redbridge;01/12/2003;210621;E09000026;487.0;1;2
25549.0;richmond upon thames;01/12/2003;302113;E09000027;441.0;1;2
29307.0;southwark;01/12/2003;205001;E09000028;450.0;1;2
24455.0;sutton;01/12/2003;190136;E09000029;452.0;1;2
34281.0;tower hamlets;01/12/2003;211745;E09000030;461.0;1;3
22918.0;waltham forest;01/12/2003;180451;E09000031;443.0;1;2
24299.0;wandsworth;01/12/2003;255025;E09000032;754.0;1;2
29254.0;westminster;01/12/2003;363182;E09000033;474.0;1;2
18228.0;north east;01/12/2003;89552;E12000001;5747.0;0;1
19916.0;north west;01/12/2003;96223;E12000002;16396.0;0;1
19847.0;east midlands;01/12/2003;118022;E12000004;10239.0;0;1
19786.0;west midlands;01/12/2003;123394;E12000005;10875.0;0;1
27455.0;london;01/12/2003;216971;E12000007;14839.0;0;2
22843.0;south east;01/12/2003;180699;E12000008;20275.0;0;2
20000.0;south west;01/12/2003;157032;E12000009;12271.0;0;1
21500.0;england;01/12/2003;138985;E92000001;116105.0;0;2
43347.0;city of london;01/12/2004;331161;E09000001;14.0;1;4
26089.0;barking and dagenham;01/12/2004;164130;E09000002;208.0;1;2
20946.0;bexley;01/12/2004;184354;E09000004;337.0;1;2
23323.0;brent;01/12/2004;240567;E09000005;296.0;1;2
21192.0;bromley;01/12/2004;243910;E09000006;537.0;1;2
30510.0;camden;01/12/2004;356394;E09000007;213.0;1;3
24371.0;croydon;01/12/2004;206133;E09000008;502.0;1;2
26722.0;ealing;01/12/2004;246591;E09000009;366.0;1;2
27414.0;enfield;01/12/2004;211855;E09000010;423.0;1;2
25387.0;greenwich;01/12/2004;191549;E09000011;396.0;1;2
26687.0;hackney;01/12/2004;231231;E09000012;218.0;1;2
29830.0;hammersmith and fulham;01/12/2004;334676;E09000013;231.0;1;2
23481.0;haringey;01/12/2004;242139;E09000014;334.0;1;2
24750.0;harrow;01/12/2004;260893;E09000015;297.0;1;2
18240.0;havering;01/12/2004;205011;E09000016;328.0;1;1
28003.0;hillingdon;01/12/2004;222273;E09000017;349.0;1;2
27457.0;hounslow;01/12/2004;221054;E09000018;287.0;1;2
30410.0;islington;01/12/2004;293591;E09000019;179.0;1;3
26846.0;kensington and chelsea;01/12/2004;484880;E09000020;278.0;1;2
23708.0;kingston upon thames;01/12/2004;248371;E09000021;259.0;1;2
27186.0;lambeth;01/12/2004;227204;E09000022;364.0;1;2
25238.0;lewisham;01/12/2004;188781;E09000023;405.0;1;2
23208.0;merton;01/12/2004;240751;E09000024;281.0;1;2
26770.0;richmond upon thames;01/12/2004;314102;E09000027;303.0;1;2
29609.0;southwark;01/12/2004;219558;E09000028;319.0;1;2
24514.0;sutton;01/12/2004;209585;E09000029;287.0;1;2
39128.0;tower hamlets;01/12/2004;225902;E09000030;470.0;1;3
23857.0;waltham forest;01/12/2004;197755;E09000031;282.0;1;2
26137.0;wandsworth;01/12/2004;271443;E09000032;506.0;1;2
31482.0;westminster;01/12/2004;379609;E09000033;299.0;1;3
19247.0;north east;01/12/2004;113511;E12000001;4199.0;0;1
20717.0;north west;01/12/2004;120191;E12000002;11295.0;0;2
20691.0;east midlands;01/12/2004;137765;E12000004;6958.0;0;2
20765.0;west midlands;01/12/2004;142696;E12000005;7816.0;0;2
28750.0;london;01/12/2004;230185;E12000007;10859.0;0;2
23748.0;south east;01/12/2004;197794;E12000008;13851.0;0;2
20694.0;south west;01/12/2004;177553;E12000009;7834.0;0;2
31339.0;inner london;01/12/2004;252858;E13000001;4149.0;0;3
25000.0;outer london;01/12/2004;223023;E13000002;6710.0;0;2
22418.0;england;01/12/2004;159886;E92000001;80888.0;0;2
45000.0;city of london;01/12/2005;339626;E09000001;30.0;1;4
26680.0;barking and dagenham;01/12/2005;162642;E09000002;263.0;1;2
27033.0;barnet;01/12/2005;281611;E09000003;524.0;1;2
23936.0;bexley;01/12/2005;187080;E09000004;335.0;1;2
24209.0;brent;01/12/2005;247157;E09000005;303.0;1;2
24241.0;bromley;01/12/2005;237525;E09000006;680.0;1;2
31358.0;camden;01/12/2005;367259;E09000007;296.0;1;3
24652.0;croydon;01/12/2005;204766;E09000008;547.0;1;2
27235.0;ealing;01/12/2005;243992;E09000009;475.0;1;2
24594.0;enfield;01/12/2005;213899;E09000010;558.0;1;2
26330.0;greenwich;01/12/2005;202913;E09000011;434.0;1;2
28923.0;hackney;01/12/2005;232443;E09000012;249.0;1;2
30787.0;hammersmith and fulham;01/12/2005;366988;E09000013;289.0;1;3
24626.0;haringey;01/12/2005;244594;E09000014;309.0;1;2
26162.0;harrow;01/12/2005;253900;E09000015;340.0;1;2
24296.0;havering;01/12/2005;204594;E09000016;381.0;1;2
29351.0;hillingdon;01/12/2005;223949;E09000017;433.0;1;2
29584.0;hounslow;01/12/2005;222567;E09000018;358.0;1;2
30499.0;islington;01/12/2005;291277;E09000019;342.0;1;3
26855.0;kensington and chelsea;01/12/2005;555847;E09000020;299.0;1;2
24937.0;kingston upon thames;01/12/2005;251130;E09000021;286.0;1;2
28347.0;lambeth;01/12/2005;231958;E09000022;534.0;1;2
28022.0;lewisham;01/12/2005;193544;E09000023;492.0;1;2
25991.0;merton;01/12/2005;245706;E09000024;364.0;1;2
26331.0;newham;01/12/2005;197653;E09000025;413.0;1;2
26462.0;redbridge;01/12/2005;229887;E09000026;436.0;1;2
26809.0;richmond upon thames;01/12/2005;327478;E09000027;416.0;1;2
29534.0;southwark;01/12/2005;225043;E09000028;409.0;1;2
25714.0;sutton;01/12/2005;205837;E09000029;353.0;1;2
39493.0;tower hamlets;01/12/2005;233558;E09000030;412.0;1;3
21931.0;waltham forest;01/12/2005;199861;E09000031;439.0;1;2
26549.0;wandsworth;01/12/2005;281580;E09000032;700.0;1;2
32519.0;westminster;01/12/2005;396443;E09000033;445.0;1;3
20263.0;north east;01/12/2005;123089;E12000001;5168.0;0;2
21777.0;north west;01/12/2005;132554;E12000002;13313.0;0;2
21494.0;east midlands;01/12/2005;142296;E12000004;8951.0;0;2
21447.0;west midlands;01/12/2005;148914;E12000005;9778.0;0;2
29882.0;london;01/12/2005;238377;E12000007;13144.0;0;2
24229.0;south east;01/12/2005;200784;E12000008;18119.0;0;2
21279.0;south west;01/12/2005;181798;E12000009;11133.0;0;2
32230.0;inner london;01/12/2005;261627;E13000001;5219.0;0;3
26176.0;outer london;01/12/2005;224487;E13000002;7925.0;0;2
23280.0;england;01/12/2005;167244;E92000001;102289.0;0;2
46292.0;city of london;01/12/2006;365755;E09000001;22.0;1;4
26549.0;barking and dagenham;01/12/2006;174285;E09000002;328.0;1;2
26071.0;barnet;01/12/2006;304015;E09000003;608.0;1;2
24719.0;bexley;01/12/2006;198996;E09000004;491.0;1;2
25279.0;brent;01/12/2006;264329;E09000005;335.0;1;2
25715.0;bromley;01/12/2006;261506;E09000006;792.0;1;2
32418.0;camden;01/12/2006;428775;E09000007;340.0;1;3
26049.0;croydon;01/12/2006;219548;E09000008;723.0;1;2
26354.0;ealing;01/12/2006;270808;E09000009;609.0;1;2
25088.0;enfield;01/12/2006;227042;E09000010;526.0;1;2
27363.0;greenwich;01/12/2006;214414;E09000011;513.0;1;2
30105.0;hackney;01/12/2006;265169;E09000012;286.0;1;3
30464.0;hammersmith and fulham;01/12/2006;402320;E09000013;362.0;1;3
27020.0;haringey;01/12/2006;273662;E09000014;400.0;1;2
25575.0;harrow;01/12/2006;278194;E09000015;370.0;1;2
26394.0;havering;01/12/2006;217711;E09000016;525.0;1;2
28771.0;hillingdon;01/12/2006;238868;E09000017;491.0;1;2
26853.0;hounslow;01/12/2006;240781;E09000018;431.0;1;2
33995.0;islington;01/12/2006;329443;E09000019;330.0;1;3
26619.0;kensington and chelsea;01/12/2006;644541;E09000020;375.0;1;2
25640.0;kingston upon thames;01/12/2006;277785;E09000021;361.0;1;2
29930.0;lambeth;01/12/2006;263085;E09000022;566.0;1;2
27021.0;lewisham;01/12/2006;211908;E09000023;515.0;1;2
24883.0;merton;01/12/2006;270986;E09000024;420.0;1;2
27162.0;newham;01/12/2006;212813;E09000025;356.0;1;2
27940.0;redbridge;01/12/2006;249403;E09000026;491.0;1;2
28610.0;richmond upon thames;01/12/2006;369305;E09000027;453.0;1;2
31575.0;southwark;01/12/2006;262970;E09000028;512.0;1;3
25102.0;sutton;01/12/2006;226278;E09000029;461.0;1;2
38975.0;tower hamlets;01/12/2006;260377;E09000030;436.0;1;3
23074.0;waltham forest;01/12/2006;222776;E09000031;436.0;1;2
27405.0;wandsworth;01/12/2006;332846;E09000032;870.0;1;2
33474.0;westminster;01/12/2006;448641;E09000033;498.0;1;3
20613.0;north east;01/12/2006;134036;E12000001;6047.0;0;2
22000.0;north west;01/12/2006;143832;E12000002;15679.0;0;2
21946.0;east midlands;01/12/2006;151841;E12000004;10413.0;0;2
22000.0;west midlands;01/12/2006;158291;E12000005;11472.0;0;2
30355.0;london;01/12/2006;264494;E12000007;15232.0;0;3
24798.0;south east;01/12/2006;219389;E12000008;20999.0;0;2
21815.0;south west;01/12/2006;198583;E12000009;13258.0;0;2
33333.0;inner london;01/12/2006;296269;E13000001;5868.0;0;3
26399.0;outer london;01/12/2006;243622;E13000002;9364.0;0;2
23729.0;england;01/12/2006;182031;E92000001;119458.0;0;2
49955.0;city of london;01/12/2007;464277;E09000001;11.0;1;4
30200.0;barking and dagenham;01/12/2007;192458;E09000002;267.0;1;3
27436.0;barnet;01/12/2007;344219;E09000003;367.0;1;2
26457.0;bexley;01/12/2007;218432;E09000004;303.0;1;2
25763.0;brent;01/12/2007;297571;E09000005;256.0;1;2
25666.0;bromley;01/12/2007;293824;E09000006;439.0;1;2
33059.0;camden;01/12/2007;482569;E09000007;240.0;1;3
25965.0;croydon;01/12/2007;247677;E09000008;531.0;1;2
27490.0;ealing;01/12/2007;308303;E09000009;358.0;1;2
26325.0;enfield;01/12/2007;255537;E09000010;409.0;1;2
29319.0;greenwich;01/12/2007;238202;E09000011;324.0;1;2
28996.0;hackney;01/12/2007;301127;E09000012;241.0;1;2
33535.0;hammersmith and fulham;01/12/2007;500711;E09000013;182.0;1;3
26281.0;haringey;01/12/2007;315186;E09000014;246.0;1;2
26107.0;harrow;01/12/2007;305018;E09000015;235.0;1;2
26079.0;havering;01/12/2007;243704;E09000016;338.0;1;2
30290.0;hillingdon;01/12/2007;265693;E09000017;358.0;1;3
27547.0;hounslow;01/12/2007;272510;E09000018;271.0;1;2
34779.0;islington;01/12/2007;413153;E09000019;222.0;1;3
28355.0;kensington and chelsea;01/12/2007;767083;E09000020;168.0;1;2
27274.0;kingston upon thames;01/12/2007;325149;E09000021;189.0;1;2
30633.0;lambeth;01/12/2007;309138;E09000022;370.0;1;3
27673.0;lewisham;01/12/2007;242823;E09000023;368.0;1;2
26346.0;merton;01/12/2007;307214;E09000024;230.0;1;2
27434.0;newham;01/12/2007;235744;E09000025;288.0;1;2
29429.0;redbridge;01/12/2007;274707;E09000026;426.0;1;2
30881.0;richmond upon thames;01/12/2007;435685;E09000027;234.0;1;3
32000.0;southwark;01/12/2007;307443;E09000028;323.0;1;3
25182.0;sutton;01/12/2007;257717;E09000029;296.0;1;2
41117.0;tower hamlets;01/12/2007;303163;E09000030;384.0;1;4
25034.0;waltham forest;01/12/2007;245782;E09000031;284.0;1;2
30513.0;wandsworth;01/12/2007;386439;E09000032;454.0;1;3
35315.0;westminster;01/12/2007;562740;E09000033;326.0;1;3
21076.0;north east;01/12/2007;138507;E12000001;4126.0;0;2
22889.0;north west;01/12/2007;152427;E12000002;10891.0;0;2
22222.0;east midlands;01/12/2007;157244;E12000004;7083.0;0;2
22543.0;west midlands;01/12/2007;165241;E12000005;7362.0;0;2
31484.0;london;01/12/2007;297994;E12000007;9938.0;0;3
25583.0;south east;01/12/2007;237099;E12000008;13779.0;0;2
22665.0;south west;01/12/2007;209153;E12000009;8667.0;0;2
34415.0;inner london;01/12/2007;347492;E13000001;3823.0;0;3
27478.0;outer london;01/12/2007;274023;E13000002;6115.0;0;2
24480.0;england;01/12/2007;194373;E92000001;79311.0;0;2
50503.0;city of london;01/12/2008;387178;E09000001;6.0;1;4
29396.0;barking and dagenham;01/12/2008;169722;E09000002;89.0;1;2
27978.0;barnet;01/12/2008;306110;E09000003;190.0;1;2
28326.0;bexley;01/12/2008;192879;E09000004;152.0;1;2
27326.0;brent;01/12/2008;269258;E09000005;89.0;1;2
27236.0;bromley;01/12/2008;257557;E09000006;232.0;1;2
35314.0;camden;01/12/2008;457290;E09000007;122.0;1;3
27482.0;croydon;01/12/2008;212597;E09000008;237.0;1;2
29439.0;ealing;01/12/2008;265723;E09000009;166.0;1;2
25550.0;enfield;01/12/2008;225029;E09000010;165.0;1;2
30766.0;greenwich;01/12/2008;214614;E09000011;112.0;1;3
31589.0;hackney;01/12/2008;294109;E09000012;135.0;1;3
29859.0;haringey;01/12/2008;279008;E09000014;114.0;1;2
27627.0;harrow;01/12/2008;266652;E09000015;124.0;1;2
28800.0;havering;01/12/2008;206313;E09000016;152.0;1;2
31291.0;hillingdon;01/12/2008;239553;E09000017;182.0;1;3
29475.0;hounslow;01/12/2008;237189;E09000018;148.0;1;2
36357.0;islington;01/12/2008;341817;E09000019;133.0;1;3
30217.0;kensington and chelsea;01/12/2008;725424;E09000020;105.0;1;3
26583.0;kingston upon thames;01/12/2008;283509;E09000021;80.0;1;2
30566.0;lambeth;01/12/2008;266183;E09000022;151.0;1;3
29403.0;lewisham;01/12/2008;206955;E09000023;115.0;1;2
28363.0;merton;01/12/2008;268737;E09000024;154.0;1;2
29467.0;newham;01/12/2008;191782;E09000025;127.0;1;2
29283.0;redbridge;01/12/2008;232677;E09000026;194.0;1;2
32437.0;richmond upon thames;01/12/2008;352375;E09000027;138.0;1;3
31227.0;southwark;01/12/2008;263263;E09000028;111.0;1;3
26082.0;sutton;01/12/2008;220316;E09000029;135.0;1;2
41880.0;tower hamlets;01/12/2008;255993;E09000030;130.0;1;4
26609.0;waltham forest;01/12/2008;209504;E09000031;124.0;1;2
30808.0;wandsworth;01/12/2008;325374;E09000032;170.0;1;3
36048.0;westminster;01/12/2008;540059;E09000033;145.0;1;3
21931.0;north east;01/12/2008;120275;E12000001;1710.0;0;2
23740.0;north west;01/12/2008;131533;E12000002;4694.0;0;2
23271.0;east midlands;01/12/2008;134826;E12000004;3700.0;0;2
23849.0;west midlands;01/12/2008;141893;E12000005;3472.0;0;2
32813.0;london;01/12/2008;253881;E12000007;4505.0;0;3
26778.0;south east;01/12/2008;200350;E12000008;7110.0;0;2
23648.0;south west;01/12/2008;175280;E12000009;4822.0;0;2
35774.0;inner london;01/12/2008;303759;E13000001;1642.0;0;3
28608.0;outer london;01/12/2008;238453;E13000002;2863.0;0;2
25549.0;england;01/12/2008;165795;E92000001;38540.0;0;2
52092.0;city of london;01/12/2009;411955;E09000001;16.0;1;4
30973.0;barking and dagenham;01/12/2009;160889;E09000002;187.0;1;3
30496.0;barnet;01/12/2009;312235;E09000003;370.0;1;3
28222.0;bexley;01/12/2009;196623;E09000004;289.0;1;2
27503.0;brent;01/12/2009;272443;E09000005;263.0;1;2
26951.0;bromley;01/12/2009;258655;E09000006;502.0;1;2
36375.0;camden;01/12/2009;446413;E09000007;278.0;1;3
28225.0;croydon;01/12/2009;210343;E09000008;471.0;1;2
28234.0;ealing;01/12/2009;279575;E09000009;312.0;1;2
27828.0;enfield;01/12/2009;229652;E09000010;314.0;1;2
29871.0;greenwich;01/12/2009;220537;E09000011;237.0;1;2
33107.0;hackney;01/12/2009;294762;E09000012;248.0;1;3
36525.0;hammersmith and fulham;01/12/2009;467825;E09000013;239.0;1;3
28515.0;haringey;01/12/2009;288456;E09000014;231.0;1;2
27532.0;harrow;01/12/2009;274511;E09000015;253.0;1;2
28317.0;havering;01/12/2009;212449;E09000016;334.0;1;2
31584.0;hillingdon;01/12/2009;241518;E09000017;296.0;1;3
31672.0;hounslow;01/12/2009;246012;E09000018;214.0;1;3
36981.0;islington;01/12/2009;361012;E09000019;268.0;1;3
29901.0;kensington and chelsea;01/12/2009;755047;E09000020;176.0;1;2
27497.0;kingston upon thames;01/12/2009;283400;E09000021;221.0;1;2
33415.0;lambeth;01/12/2009;281970;E09000022;298.0;1;3
30891.0;lewisham;01/12/2009;220454;E09000023;298.0;1;3
27662.0;merton;01/12/2009;281239;E09000024;266.0;1;2
31028.0;newham;01/12/2009;193524;E09000025;198.0;1;3
31235.0;redbridge;01/12/2009;243612;E09000026;329.0;1;3
31733.0;richmond upon thames;01/12/2009;403432;E09000027;290.0;1;3
34265.0;southwark;01/12/2009;265112;E09000028;291.0;1;3
26111.0;sutton;01/12/2009;222170;E09000029;314.0;1;2
43987.0;tower hamlets;01/12/2009;277776;E09000030;434.0;1;4
27651.0;waltham forest;01/12/2009;213488;E09000031;223.0;1;2
32373.0;wandsworth;01/12/2009;354594;E09000032;527.0;1;3
36765.0;westminster;01/12/2009;575113;E09000033;313.0;1;3
22684.0;north east;01/12/2009;125208;E12000001;2934.0;0;2
24020.0;north west;01/12/2009;135758;E12000002;8285.0;0;2
24357.0;east midlands;01/12/2009;140587;E12000004;6846.0;0;2
23958.0;west midlands;01/12/2009;148354;E12000005;6360.0;0;2
33700.0;london;01/12/2009;270118;E12000007;9500.0;0;3
27458.0;south east;01/12/2009;211679;E12000008;14941.0;0;2
24175.0;south west;01/12/2009;186816;E12000009;9799.0;0;2
37252.0;inner london;01/12/2009;318631;E13000001;3815.0;0;3
29085.0;outer london;01/12/2009;244178;E13000002;5685.0;0;2
26133.0;england;01/12/2009;174136;E92000001;75376.0;0;2
52271.0;city of london;01/12/2010;445016;E09000001;31.0;1;4
28527.0;barking and dagenham;01/12/2010;166485;E09000002;121.0;1;2
30000.0;barnet;01/12/2010;335004;E09000003;303.0;1;2
27738.0;bexley;01/12/2010;200352;E09000004;162.0;1;2
25997.0;brent;01/12/2010;294081;E09000005;203.0;1;2
27712.0;bromley;01/12/2010;274853;E09000006;352.0;1;2
36527.0;camden;01/12/2010;543887;E09000007;221.0;1;3
28586.0;croydon;01/12/2010;214845;E09000008;319.0;1;2
28732.0;ealing;01/12/2010;299238;E09000009;272.0;1;2
26967.0;enfield;01/12/2010;246486;E09000010;245.0;1;2
31821.0;greenwich;01/12/2010;229791;E09000011;196.0;1;3
35149.0;hackney;01/12/2010;295054;E09000012;195.0;1;3
35033.0;hammersmith and fulham;01/12/2010;485906;E09000013;191.0;1;3
29597.0;haringey;01/12/2010;318442;E09000014;195.0;1;2
27921.0;harrow;01/12/2010;300839;E09000015;172.0;1;2
28235.0;havering;01/12/2010;221567;E09000016;226.0;1;2
31586.0;hillingdon;01/12/2010;249057;E09000017;295.0;1;3
31307.0;hounslow;01/12/2010;255270;E09000018;190.0;1;3
34551.0;islington;01/12/2010;407998;E09000019;210.0;1;3
30196.0;kensington and chelsea;01/12/2010;884674;E09000020;201.0;1;3
28240.0;kingston upon thames;01/12/2010;310512;E09000021;200.0;1;2
33821.0;lambeth;01/12/2010;292465;E09000022;261.0;1;3
30806.0;lewisham;01/12/2010;223141;E09000023;242.0;1;3
27441.0;merton;01/12/2010;299039;E09000024;222.0;1;2
32578.0;newham;01/12/2010;208056;E09000025;115.0;1;3
30086.0;redbridge;01/12/2010;264013;E09000026;193.0;1;3
32249.0;richmond upon thames;01/12/2010;424126;E09000027;243.0;1;3
35050.0;southwark;01/12/2010;294314;E09000028;253.0;1;3
26288.0;sutton;01/12/2010;232561;E09000029;221.0;1;2
44443.0;tower hamlets;01/12/2010;280822;E09000030;286.0;1;4
27755.0;waltham forest;01/12/2010;220346;E09000031;184.0;1;2
31818.0;wandsworth;01/12/2010;359305;E09000032;422.0;1;3
37836.0;westminster;01/12/2010;610704;E09000033;306.0;1;3
23124.0;north east;01/12/2010;119688;E12000001;2338.0;0;2
24127.0;north west;01/12/2010;131347;E12000002;6181.0;0;2
24118.0;east midlands;01/12/2010;139103;E12000004;4786.0;0;2
23831.0;west midlands;01/12/2010;148525;E12000005;4973.0;0;2
33990.0;london;01/12/2010;285353;E12000007;7448.0;0;3
27503.0;south east;01/12/2010;218657;E12000008;10343.0;0;2
24098.0;south west;01/12/2010;189735;E12000009;6617.0;0;2
37463.0;inner london;01/12/2010;340006;E13000001;3129.0;0;3
29182.0;outer london;01/12/2010;257742;E13000002;4319.0;0;2
26265.0;england;01/12/2010;176036;E92000001;54383.0;0;2
54381.0;city of london;01/12/2011;496291;E09000001;24.0;1;4
28201.0;barking and dagenham;01/12/2011;162631;E09000002;111.0;1;2
30237.0;barnet;01/12/2011;346653;E09000003;395.0;1;3
28638.0;bexley;01/12/2011;199523;E09000004;248.0;1;2
26772.0;brent;01/12/2011;301760;E09000005;207.0;1;2
28163.0;bromley;01/12/2011;278849;E09000006;488.0;1;2
35967.0;camden;01/12/2011;547657;E09000007;192.0;1;3
28979.0;croydon;01/12/2011;217809;E09000008;369.0;1;2
28646.0;ealing;01/12/2011;303095;E09000009;284.0;1;2
26412.0;enfield;01/12/2011;245870;E09000010;263.0;1;2
29932.0;greenwich;01/12/2011;223508;E09000011;215.0;1;2
33512.0;hackney;01/12/2011;318590;E09000012;203.0;1;3
36143.0;hammersmith and fulham;01/12/2011;527140;E09000013;206.0;1;3
28032.0;haringey;01/12/2011;317306;E09000014;213.0;1;2
27540.0;harrow;01/12/2011;299313;E09000015;193.0;1;2
28415.0;havering;01/12/2011;223320;E09000016;226.0;1;2
33589.0;hillingdon;01/12/2011;257143;E09000017;318.0;1;3
32759.0;hounslow;01/12/2011;259015;E09000018;214.0;1;3
35996.0;islington;01/12/2011;425253;E09000019;246.0;1;3
31491.0;kensington and chelsea;01/12/2011;919569;E09000020;167.0;1;3
28997.0;kingston upon thames;01/12/2011;319354;E09000021;223.0;1;2
34836.0;lambeth;01/12/2011;309605;E09000022;308.0;1;3
29567.0;lewisham;01/12/2011;228960;E09000023;243.0;1;2
28066.0;merton;01/12/2011;302138;E09000024;284.0;1;2
29998.0;newham;01/12/2011;210485;E09000025;186.0;1;2
29829.0;redbridge;01/12/2011;259825;E09000026;205.0;1;2
32197.0;richmond upon thames;01/12/2011;437198;E09000027;269.0;1;3
36124.0;southwark;01/12/2011;311460;E09000028;245.0;1;3
26743.0;sutton;01/12/2011;236642;E09000029;237.0;1;2
45970.0;tower hamlets;01/12/2011;289696;E09000030;250.0;1;4
28005.0;waltham forest;01/12/2011;225147;E09000031;219.0;1;2
32033.0;wandsworth;01/12/2011;386709;E09000032;487.0;1;3
37406.0;westminster;01/12/2011;638417;E09000033;279.0;1;3
23250.0;north east;01/12/2011;115328;E12000001;2618.0;0;2
24167.0;north west;01/12/2011;128039;E12000002;6951.0;0;2
24002.0;east midlands;01/12/2011;138723;E12000004;5242.0;0;2
24291.0;west midlands;01/12/2011;143628;E12000005;5634.0;0;2
34396.0;london;01/12/2011;292284;E12000007;8217.0;0;3
27881.0;south east;01/12/2011;219371;E12000008;11844.0;0;2
24306.0;south west;01/12/2011;187426;E12000009;7314.0;0;2
37851.0;inner london;01/12/2011;355727;E13000001;3249.0;0;3
29399.0;outer london;01/12/2011;260790;E13000002;4968.0;0;2
26488.0;england;01/12/2011;174812;E92000001;60991.0;0;2
54000.0;city of london;01/12/2012;491529;E09000001;28.0;1;4
33131.0;barking and dagenham;01/12/2012;167813;E09000002;114.0;1;3
29594.0;barnet;01/12/2012;361371;E09000003;312.0;1;2
27440.0;bexley;01/12/2012;206956;E09000004;247.0;1;2
27577.0;brent;01/12/2012;322171;E09000005;188.0;1;2
28082.0;bromley;01/12/2012;288682;E09000006;382.0;1;2
36962.0;camden;01/12/2012;620351;E09000007;198.0;1;3
28974.0;croydon;01/12/2012;226742;E09000008;288.0;1;2
31104.0;ealing;01/12/2012;327288;E09000009;290.0;1;3
27123.0;enfield;01/12/2012;254952;E09000010;221.0;1;2
30097.0;greenwich;01/12/2012;241770;E09000011;240.0;1;3
34803.0;hackney;01/12/2012;342620;E09000012;252.0;1;3
35136.0;hammersmith and fulham;01/12/2012;611487;E09000013;196.0;1;3
29116.0;haringey;01/12/2012;349603;E09000014;197.0;1;2
26738.0;harrow;01/12/2012;310752;E09000015;192.0;1;2
28326.0;havering;01/12/2012;223743;E09000016;231.0;1;2
33822.0;hillingdon;01/12/2012;266729;E09000017;279.0;1;3
31821.0;hounslow;01/12/2012;274659;E09000018;169.0;1;3
36653.0;islington;01/12/2012;462059;E09000019;187.0;1;3
30726.0;kensington and chelsea;01/12/2012;1044834;E09000020;189.0;1;3
29067.0;kingston upon thames;01/12/2012;336288;E09000021;209.0;1;2
35280.0;lambeth;01/12/2012;336416;E09000022;291.0;1;3
29995.0;lewisham;01/12/2012;245358;E09000023;253.0;1;2
28613.0;merton;01/12/2012;325045;E09000024;239.0;1;2
30540.0;newham;01/12/2012;214504;E09000025;170.0;1;3
28100.0;redbridge;01/12/2012;264683;E09000026;216.0;1;2
31505.0;richmond upon thames;01/12/2012;466141;E09000027;271.0;1;3
36056.0;southwark;01/12/2012;347839;E09000028;256.0;1;3
25247.0;sutton;01/12/2012;244047;E09000029;180.0;1;2
44880.0;tower hamlets;01/12/2012;295734;E09000030;223.0;1;4
27235.0;waltham forest;01/12/2012;236814;E09000031;207.0;1;2
31262.0;wandsworth;01/12/2012;420718;E09000032;423.0;1;3
37649.0;westminster;01/12/2012;745032;E09000033;263.0;1;3
23781.0;north east;01/12/2012;114860;E12000001;2354.0;0;2
24603.0;north west;01/12/2012;127862;E12000002;5992.0;0;2
24626.0;east midlands;01/12/2012;138977;E12000004;4746.0;0;2
24573.0;west midlands;01/12/2012;147386;E12000005;4820.0;0;2
34883.0;london;01/12/2012;313744;E12000007;7601.0;0;3
28175.0;south east;01/12/2012;225865;E12000008;10312.0;0;2
24581.0;south west;01/12/2012;187901;E12000009;6484.0;0;2
38225.0;inner london;01/12/2012;388966;E13000001;3126.0;0;3
29382.0;outer london;01/12/2012;272916;E13000002;4475.0;0;2
26822.0;england;01/12/2012;178406;E92000001;54054.0;0;2
54202.0;city of london;01/12/2013;615401;E09000001;21.0;1;4
32248.0;barking and dagenham;01/12/2013;183099;E09000002;212.0;1;3
29353.0;barnet;01/12/2013;392168;E09000003;368.0;1;2
28512.0;bexley;01/12/2013;222076;E09000004;319.0;1;2
28034.0;brent;01/12/2013;359846;E09000005;248.0;1;2
28126.0;bromley;01/12/2013;314302;E09000006;522.0;1;2
36336.0;camden;01/12/2013;671215;E09000007;295.0;1;3
30939.0;croydon;01/12/2013;246215;E09000008;548.0;1;3
29733.0;ealing;01/12/2013;352969;E09000009;324.0;1;2
25805.0;enfield;01/12/2013;274721;E09000010;344.0;1;2
29251.0;greenwich;01/12/2013;270966;E09000011;368.0;1;2
33097.0;hackney;01/12/2013;402761;E09000012;239.0;1;3
34554.0;hammersmith and fulham;01/12/2013;666670;E09000013;269.0;1;3
29609.0;haringey;01/12/2013;390063;E09000014;249.0;1;2
25784.0;harrow;01/12/2013;336604;E09000015;223.0;1;2
29858.0;havering;01/12/2013;236211;E09000016;393.0;1;2
35738.0;hillingdon;01/12/2013;282296;E09000017;322.0;1;3
31173.0;hounslow;01/12/2013;301678;E09000018;259.0;1;3
37325.0;islington;01/12/2013;539846;E09000019;294.0;1;3
31307.0;kensington and chelsea;01/12/2013;1154073;E09000020;230.0;1;3
29450.0;kingston upon thames;01/12/2013;362452;E09000021;244.0;1;2
35397.0;lambeth;01/12/2013;400387;E09000022;546.0;1;3
30478.0;lewisham;01/12/2013;283721;E09000023;422.0;1;3
28610.0;merton;01/12/2013;359231;E09000024;274.0;1;2
29334.0;newham;01/12/2013;229561;E09000025;266.0;1;2
31215.0;redbridge;01/12/2013;287656;E09000026;307.0;1;3
31997.0;richmond upon thames;01/12/2013;503809;E09000027;318.0;1;3
36198.0;southwark;01/12/2013;388016;E09000028;398.0;1;3
30061.0;sutton;01/12/2013;265231;E09000029;263.0;1;3
46441.0;tower hamlets;01/12/2013;351674;E09000030;397.0;1;4
31491.0;wandsworth;01/12/2013;484071;E09000032;659.0;1;3
36946.0;westminster;01/12/2013;857653;E09000033;321.0;1;3
24113.0;north east;01/12/2013;116274;E12000001;3277.0;0;2
25111.0;north west;01/12/2013;131350;E12000002;8802.0;0;2
24918.0;east midlands;01/12/2013;145942;E12000004;7029.0;0;2
25328.0;west midlands;01/12/2013;152008;E12000005;6957.0;0;2
35173.0;london;01/12/2013;352028;E12000007;10775.0;0;3
28315.0;south east;01/12/2013;238975;E12000008;14971.0;0;2
25242.0;south west;01/12/2013;198613;E12000009;9321.0;0;2
38274.0;inner london;01/12/2013;445132;E13000001;4606.0;0;3
30148.0;outer london;01/12/2013;297099;E13000002;6169.0;0;3
27372.0;england;01/12/2013;188544;E92000001;77833.0;0;2
54710.0;city of london;01/12/2014;773768;E09000001;71.0;1;4
32698.0;barking and dagenham;01/12/2014;218285;E09000002;299.0;1;3
31162.0;barnet;01/12/2014;450577;E09000003;397.0;1;3
28505.0;bexley;01/12/2014;261988;E09000004;358.0;1;2
29514.0;brent;01/12/2014;419643;E09000005;246.0;1;2
27926.0;bromley;01/12/2014;372899;E09000006;501.0;1;2
36748.0;camden;01/12/2014;761594;E09000007;190.0;1;3
31154.0;croydon;01/12/2014;290220;E09000008;439.0;1;3
28825.0;ealing;01/12/2014;412835;E09000009;284.0;1;2
25805.0;enfield;01/12/2014;315083;E09000010;274.0;1;2
28954.0;greenwich;01/12/2014;312911;E09000011;348.0;1;2
33116.0;hackney;01/12/2014;470619;E09000012;221.0;1;3
33688.0;hammersmith and fulham;01/12/2014;735096;E09000013;187.0;1;3
30325.0;haringey;01/12/2014;459313;E09000014;254.0;1;3
26037.0;harrow;01/12/2014;391894;E09000015;218.0;1;2
30003.0;havering;01/12/2014;277155;E09000016;354.0;1;3
33984.0;hillingdon;01/12/2014;323862;E09000017;361.0;1;3
33038.0;hounslow;01/12/2014;341770;E09000018;291.0;1;3
36751.0;islington;01/12/2014;605026;E09000019;288.0;1;3
30002.0;kensington and chelsea;01/12/2014;1319380;E09000020;169.0;1;3
30768.0;kingston upon thames;01/12/2014;429222;E09000021;242.0;1;3
34491.0;lambeth;01/12/2014;447526;E09000022;421.0;1;3
29983.0;lewisham;01/12/2014;335389;E09000023;369.0;1;2
27539.0;merton;01/12/2014;431896;E09000024;223.0;1;2
29061.0;newham;01/12/2014;279219;E09000025;245.0;1;2
31127.0;redbridge;01/12/2014;326699;E09000026;276.0;1;3
31533.0;richmond upon thames;01/12/2014;605032;E09000027;277.0;1;3
34612.0;southwark;01/12/2014;447423;E09000028;305.0;1;3
25797.0;sutton;01/12/2014;310125;E09000029;289.0;1;2
48309.0;tower hamlets;01/12/2014;404511;E09000030;334.0;1;4
26484.0;waltham forest;01/12/2014;341382;E09000031;278.0;1;2
31085.0;wandsworth;01/12/2014;554231;E09000032;456.0;1;3
37260.0;westminster;01/12/2014;975871;E09000033;280.0;1;3
24904.0;north east;01/12/2014;118798;E12000001;3237.0;0;2
25262.0;north west;01/12/2014;136688;E12000002;9144.0;0;2
25000.0;east midlands;01/12/2014;153904;E12000004;6970.0;0;2
24963.0;west midlands;01/12/2014;160267;E12000005;7028.0;0;2
35034.0;london;01/12/2014;402898;E12000007;9745.0;0;3
28607.0;south east;01/12/2014;264217;E12000008;14439.0;0;2
25585.0;south west;01/12/2014;211576;E12000009;9535.0;0;2
38229.0;inner london;01/12/2014;512011;E13000001;3790.0;0;3
30000.0;outer london;01/12/2014;348665;E13000002;5955.0;0;2
27485.0;england;01/12/2014;203346;E92000001;76741.0;0;2
54034.0;city of london;01/12/2015;713253;E09000001;31.0;1;4
33018.0;barking and dagenham;01/12/2015;253145;E09000002;237.0;1;3
30900.0;barnet;01/12/2015;501293;E09000003;445.0;1;3
29664.0;bexley;01/12/2015;295744;E09000004;318.0;1;2
29987.0;brent;01/12/2015;468584;E09000005;202.0;1;2
30444.0;bromley;01/12/2015;411124;E09000006;530.0;1;3
36970.0;camden;01/12/2015;796767;E09000007;188.0;1;3
30628.0;croydon;01/12/2015;330486;E09000008;475.0;1;3
28657.0;ealing;01/12/2015;475935;E09000009;330.0;1;2
26230.0;enfield;01/12/2015;359625;E09000010;303.0;1;2
30497.0;greenwich;01/12/2015;360228;E09000011;456.0;1;3
31566.0;hackney;01/12/2015;528858;E09000012;234.0;1;3
34652.0;hammersmith and fulham;01/12/2015;771960;E09000013;176.0;1;3
30072.0;haringey;01/12/2015;518352;E09000014;215.0;1;3
26770.0;harrow;01/12/2015;435864;E09000015;253.0;1;2
30591.0;havering;01/12/2015;314588;E09000016;330.0;1;3
32681.0;hillingdon;01/12/2015;380185;E09000017;302.0;1;3
33717.0;hounslow;01/12/2015;368802;E09000018;280.0;1;3
36679.0;islington;01/12/2015;638445;E09000019;198.0;1;3
31524.0;kensington and chelsea;01/12/2015;1264909;E09000020;217.0;1;3
28635.0;kingston upon thames;01/12/2015;460578;E09000021;229.0;1;2
34852.0;lambeth;01/12/2015;484535;E09000022;343.0;1;3
30932.0;lewisham;01/12/2015;374745;E09000023;343.0;1;3
30040.0;merton;01/12/2015;490898;E09000024;255.0;1;3
28886.0;newham;01/12/2015;319493;E09000025;298.0;1;2
29098.0;redbridge;01/12/2015;369059;E09000026;300.0;1;2
32660.0;richmond upon thames;01/12/2015;640645;E09000027;273.0;1;3
36238.0;southwark;01/12/2015;488642;E09000028;328.0;1;3
27355.0;sutton;01/12/2015;341717;E09000029;295.0;1;2
46681.0;tower hamlets;01/12/2015;444125;E09000030;309.0;1;4
29352.0;waltham forest;01/12/2015;386441;E09000031;282.0;1;2
31968.0;wandsworth;01/12/2015;594044;E09000032;461.0;1;3
39392.0;westminster;01/12/2015;1013417;E09000033;264.0;1;3
25347.0;north east;01/12/2015;123597;E12000001;3351.0;0;2
25667.0;north west;01/12/2015;142866;E12000002;9806.0;0;2
25003.0;east midlands;01/12/2015;165081;E12000004;7640.0;0;2
25682.0;west midlands;01/12/2015;169286;E12000005;7671.0;0;2
35303.0;london;01/12/2015;450053;E12000007;9700.0;0;3
29031.0;south east;01/12/2015;291298;E12000008;14723.0;0;2
25950.0;south west;01/12/2015;226855;E12000009;9766.0;0;2
38803.0;inner london;01/12/2015;553855;E13000001;3605.0;0;3
30382.0;outer london;01/12/2015;391612;E13000002;6095.0;0;3
27841.0;england;01/12/2015;219582;E92000001;80366.0;0;2
55487.0;city of london;01/12/2016;811786;E09000001;13.0;1;4
30994.0;barking and dagenham;01/12/2016;285622;E09000002;154.0;1;3
32623.0;barnet;01/12/2016;522223;E09000003;383.0;1;3
30699.0;brent;01/12/2016;490418;E09000005;175.0;1;3
30861.0;bromley;01/12/2016;429187;E09000006;458.0;1;3
37817.0;camden;01/12/2016;832126;E09000007;209.0;1;3
31479.0;croydon;01/12/2016;363571;E09000008;367.0;1;3
29241.0;ealing;01/12/2016;485390;E09000009;272.0;1;2
28918.0;enfield;01/12/2016;394465;E09000010;211.0;1;2
30180.0;greenwich;01/12/2016;374293;E09000011;321.0;1;3
32404.0;hackney;01/12/2016;548758;E09000012;247.0;1;3
35000.0;hammersmith and fulham;01/12/2016;736963;E09000013;158.0;1;3
29753.0;haringey;01/12/2016;535097;E09000014;160.0;1;2
30134.0;harrow;01/12/2016;464037;E09000015;197.0;1;3
28906.0;havering;01/12/2016;350730;E09000016;295.0;1;2
33093.0;hillingdon;01/12/2016;411479;E09000017;241.0;1;3
36235.0;hounslow;01/12/2016;391460;E09000018;251.0;1;3
39894.0;islington;01/12/2016;647853;E09000019;163.0;1;3
30008.0;kensington and chelsea;01/12/2016;1357231;E09000020;172.0;1;3
30729.0;kingston upon thames;01/12/2016;490878;E09000021;188.0;1;3
34670.0;lambeth;01/12/2016;512058;E09000022;277.0;1;3
32217.0;lewisham;01/12/2016;398752;E09000023;305.0;1;3
28224.0;merton;01/12/2016;486293;E09000024;222.0;1;2
30743.0;newham;01/12/2016;353282;E09000025;305.0;1;3
28237.0;redbridge;01/12/2016;402169;E09000026;230.0;1;2
33329.0;richmond upon thames;01/12/2016;637708;E09000027;224.0;1;3
37159.0;southwark;01/12/2016;509843;E09000028;292.0;1;3
28318.0;sutton;01/12/2016;369869;E09000029;310.0;1;2
45975.0;tower hamlets;01/12/2016;460400;E09000030;380.0;1;4
27455.0;waltham forest;01/12/2016;433857;E09000031;239.0;1;2
33405.0;wandsworth;01/12/2016;615144;E09000032;435.0;1;3
40000.0;westminster;01/12/2016;1029585;E09000033;323.0;1;3
25561.0;north east;01/12/2016;126333;E12000001;3661.0;0;2
26220.0;north west;01/12/2016;149560;E12000002;10679.0;0;2
25474.0;east midlands;01/12/2016;174665;E12000004;7739.0;0;2
26352.0;west midlands;01/12/2016;179668;E12000005;7930.0;0;2
36170.0;london;01/12/2016;472374;E12000007;8460.0;0;3
29700.0;south east;01/12/2016;309185;E12000008;14140.0;0;2
26372.0;south west;01/12/2016;236288;E12000009;9921.0;0;2
39653.0;inner london;01/12/2016;577117;E13000001;3439.0;0;3
31018.0;outer london;01/12/2016;418403;E13000002;4999.0;0;3
28496.0;england;01/12/2016;231922;E92000001;79605.0;0;2
56295.0;city of london;01/12/2017;778002;E09000001;20.0;1;4
28553.0;barking and dagenham;01/12/2017;292915;E09000002;180.0;1;2
32143.0;barnet;01/12/2017;538718;E09000003;310.0;1;3
30733.0;bexley;01/12/2017;340598;E09000004;270.0;1;3
30134.0;brent;01/12/2017;494515;E09000005;161.0;1;3
29819.0;bromley;01/12/2017;445504;E09000006;404.0;1;2
38147.0;camden;01/12/2017;844416;E09000007;173.0;1;3
32109.0;croydon;01/12/2017;374441;E09000008;394.0;1;3
30259.0;ealing;01/12/2017;469146;E09000009;249.0;1;3
29134.0;enfield;01/12/2017;395284;E09000010;225.0;1;2
32635.0;greenwich;01/12/2017;385851;E09000011;258.0;1;3
33618.0;hackney;01/12/2017;557025;E09000012;269.0;1;3
36972.0;hammersmith and fulham;01/12/2017;742878;E09000013;200.0;1;3
31442.0;haringey;01/12/2017;549660;E09000014;144.0;1;3
31255.0;harrow;01/12/2017;474005;E09000015;177.0;1;3
29134.0;havering;01/12/2017;365934;E09000016;282.0;1;2
33596.0;hillingdon;01/12/2017;409263;E09000017;286.0;1;3
34119.0;hounslow;01/12/2017;404048;E09000018;229.0;1;3
39348.0;islington;01/12/2017;639371;E09000019;135.0;1;3
31678.0;kensington and chelsea;01/12/2017;1364185;E09000020;138.0;1;3
31308.0;kingston upon thames;01/12/2017;485525;E09000021;154.0;1;3
35036.0;lambeth;01/12/2017;509180;E09000022;351.0;1;3
33294.0;lewisham;01/12/2017;408684;E09000023;308.0;1;3
29627.0;merton;01/12/2017;517135;E09000024;205.0;1;2
30770.0;newham;01/12/2017;349429;E09000025;285.0;1;3
29189.0;redbridge;01/12/2017;416712;E09000026;252.0;1;2
32141.0;richmond upon thames;01/12/2017;650160;E09000027;222.0;1;3
37601.0;southwark;01/12/2017;485749;E09000028;271.0;1;3
27945.0;sutton;01/12/2017;377963;E09000029;233.0;1;2
49369.0;tower hamlets;01/12/2017;465625;E09000030;304.0;1;4
28284.0;waltham forest;01/12/2017;441468;E09000031;234.0;1;2
33137.0;wandsworth;01/12/2017;596879;E09000032;339.0;1;3
42152.0;westminster;01/12/2017;1096072;E09000033;216.0;1;4
25904.0;north east;01/12/2017;130118;E12000001;3664.0;0;2
26754.0;north west;01/12/2017;158863;E12000002;10472.0;0;2
25882.0;east midlands;01/12/2017;184942;E12000004;7401.0;0;2
26837.0;west midlands;01/12/2017;190466;E12000005;7730.0;0;2
37171.0;london;01/12/2017;476848;E12000007;7883.0;0;3
30236.0;south east;01/12/2017;320733;E12000008;13223.0;0;3
27119.0;south west;01/12/2017;249309;E12000009;9462.0;0;2
40675.0;inner london;01/12/2017;578215;E13000001;3153.0;0;4
31298.0;outer london;01/12/2017;427693;E13000002;4725.0;0;3
29083.0;england;01/12/2017;242378;E92000001;76522.0;0;2
61203.0;city of london;01/12/2018;811694;E09000001;37.0;1;4
29995.0;barking and dagenham;01/12/2018;301114;E09000002;141.0;1;2
29927.0;barnet;01/12/2018;533810;E09000003;343.0;1;2
30366.0;brent;01/12/2018;476356;E09000005;169.0;1;3
30762.0;bromley;01/12/2018;443140;E09000006;345.0;1;3
39198.0;camden;01/12/2018;867795;E09000007;196.0;1;3
33804.0;croydon;01/12/2018;364189;E09000008;293.0;1;3
29928.0;ealing;01/12/2018;481922;E09000009;191.0;1;2
29238.0;enfield;01/12/2018;397674;E09000010;195.0;1;2
33163.0;greenwich;01/12/2018;385911;E09000011;191.0;1;3
35286.0;hackney;01/12/2018;548135;E09000012;142.0;1;3
40972.0;hammersmith and fulham;01/12/2018;733360;E09000013;154.0;1;4
29801.0;haringey;01/12/2018;544836;E09000014;166.0;1;2
30553.0;harrow;01/12/2018;462278;E09000015;201.0;1;3
30181.0;havering;01/12/2018;372295;E09000016;262.0;1;3
31886.0;hillingdon;01/12/2018;410922;E09000017;219.0;1;3
35935.0;hounslow;01/12/2018;401033;E09000018;153.0;1;3
40000.0;islington;01/12/2018;625190;E09000019;145.0;1;3
32976.0;kensington and chelsea;01/12/2018;1345805;E09000020;84.0;1;3
36200.0;lambeth;01/12/2018;510922;E09000022;311.0;1;3
29966.0;lewisham;01/12/2018;410421;E09000023;231.0;1;2
31182.0;merton;01/12/2018;517613;E09000024;154.0;1;3
30392.0;newham;01/12/2018;354253;E09000025;265.0;1;3
34027.0;richmond upon thames;01/12/2018;645745;E09000027;188.0;1;3
39998.0;southwark;01/12/2018;501604;E09000028;265.0;1;3
28853.0;sutton;01/12/2018;375474;E09000029;239.0;1;2
49237.0;tower hamlets;01/12/2018;438896;E09000030;310.0;1;4
30298.0;waltham forest;01/12/2018;439079;E09000031;253.0;1;3
34501.0;wandsworth;01/12/2018;595504;E09000032;349.0;1;3
43015.0;westminster;01/12/2018;965023;E09000033;141.0;1;4
26355.0;north east;01/12/2018;128859;E12000001;3349.0;0;2
27376.0;north west;01/12/2018;162823;E12000002;9324.0;0;2
26711.0;east midlands;01/12/2018;191781;E12000004;6789.0;0;2
27682.0;west midlands;01/12/2018;185061;E12000005;2981.0;0;2
38146.0;london;01/12/2018;473454;E12000007;6910.0;0;3
30849.0;south east;01/12/2018;321265;E12000008;11863.0;0;3
27956.0;south west;01/12/2018;256812;E12000009;8399.0;0;2
42153.0;inner london;01/12/2018;572468;E13000001;2796.0;0;4
31031.0;outer london;01/12/2018;427128;E13000002;4112.0;0;3
29856.0;england;01/12/2018;246518;E92000001;69456.0;0;2
61636.0;city of london;01/12/2019;734872;E09000001;349.0;1;4
28738.0;barking and dagenham;01/12/2019;301816;E09000002;349.0;1;2
31624.0;barnet;01/12/2019;517986;E09000003;349.0;1;3
31642.0;bexley;01/12/2019;336972;E09000004;349.0;1;3
31739.0;brent;01/12/2019;431245;E09000005;349.0;1;3
40196.0;camden;01/12/2019;807466;E09000007;349.0;1;4
35237.0;croydon;01/12/2019;369301;E09000008;349.0;1;3
31021.0;ealing;01/12/2019;470862;E09000009;349.0;1;3
28258.0;enfield;01/12/2019;401981;E09000010;349.0;1;2
33081.0;greenwich;01/12/2019;398530;E09000011;349.0;1;3
35020.0;hackney;01/12/2019;556680;E09000012;349.0;1;3
37990.0;hammersmith and fulham;01/12/2019;725991;E09000013;349.0;1;3
30452.0;haringey;01/12/2019;568238;E09000014;349.0;1;3
32809.0;harrow;01/12/2019;450022;E09000015;349.0;1;3
32321.0;havering;01/12/2019;366567;E09000016;349.0;1;3
35231.0;hillingdon;01/12/2019;407357;E09000017;349.0;1;3
36487.0;hounslow;01/12/2019;413137;E09000018;349.0;1;3
41076.0;islington;01/12/2019;645161;E09000019;349.0;1;4
33000.0;kensington and chelsea;01/12/2019;1221608;E09000020;349.0;1;3
32138.0;kingston upon thames;01/12/2019;491386;E09000021;349.0;1;3
36825.0;lambeth;01/12/2019;518618;E09000022;349.0;1;3
32334.0;lewisham;01/12/2019;415125;E09000023;349.0;1;3
31699.0;merton;01/12/2019;505373;E09000024;349.0;1;3
33944.0;newham;01/12/2019;363493;E09000025;349.0;1;3
29108.0;redbridge;01/12/2019;423442;E09000026;349.0;1;2
35191.0;richmond upon thames;01/12/2019;656781;E09000027;349.0;1;3
40303.0;southwark;01/12/2019;505619;E09000028;349.0;1;4
32947.0;sutton;01/12/2019;374700;E09000029;349.0;1;3
46142.0;tower hamlets;01/12/2019;457893;E09000030;349.0;1;4
30718.0;waltham forest;01/12/2019;439009;E09000031;349.0;1;3
34168.0;wandsworth;01/12/2019;604056;E09000032;349.0;1;3
43556.0;westminster;01/12/2019;968404;E09000033;349.0;1;4
27187.0;north east;01/12/2019;129959;E12000001;349.0;0;2
28137.0;north west;01/12/2019;167285;E12000002;349.0;0;2
28000.0;east midlands;01/12/2019;196534;E12000004;349.0;0;2
28536.0;west midlands;01/12/2019;199814;E12000005;349.0;0;2
38992.0;london;01/12/2019;481710;E12000007;349.0;0;3
32120.0;south east;01/12/2019;324515;E12000008;349.0;0;3
28654.0;south west;01/12/2019;259011;E12000009;349.0;0;2
30667.0;england;01/12/2019;250410;E92000001;349.0;0;3
